<?xml version="1.0" encoding="UTF-8"?>
<project-private xmlns="http://www.netbeans.org/ns/project-private/1">
    <editor-bookmarks xmlns="http://www.netbeans.org/ns/editor-bookmarks/2" lastBookmarkId="0"/>
    <open-files xmlns="http://www.netbeans.org/ns/projectui-open-files/2">
        <group>
            <file>file:/E:/practice_nb/src/practice_nb/LogInScreen2.java</file>
            <file>file:/E:/practice_nb/src/practice_nb/Voter.java</file>
            <file>file:/E:/practice_nb/src/practice_nb/voterframe.java</file>
            <file>file:/E:/practice_nb/src/practice_nb/Manage_Voter.java</file>
            <file>file:/E:/practice_nb/src/practice_nb/Voter2.java</file>
            <file>file:/E:/practice_nb/src/practice_nb/MainWindow.java</file>
            <file>file:/E:/practice_nb/src/practice_nb/Result.java</file>
            <file>file:/E:/practice_nb/src/practice_nb/PreparedStatement.java</file>
            <file>file:/E:/practice_nb/src/practice_nb/Finalresult.java</file>
            <file>file:/E:/practice_nb/src/practice_nb/ResultDisplay.java</file>
            <file>file:/E:/practice_nb/src/DriverManager.java</file>
        </group>
    </open-files>
</project-private>
